Countries,Year,HDI,Development
Norway,1990,0.8500548524793253,Very High
Switzerland,1990,0.8319458891095548,Very High
Australia,1990,0.8662704366059125,Very High
Ireland,1990,0.7634081073495951,High
Germany,1990,0.8010500457558284,Very High
Iceland,1990,0.8015452695055686,Very High
"Hong Kong, China (SAR)",1990,0.7806602381638797,High
Sweden,1990,0.8158675227952622,Very High
Singapore,1990,0.7179843072768646,High
Netherlands,1990,0.8292337411542214,Very High
Denmark,1990,0.79920409011842,Very High
Canada,1990,0.8493743627610181,Very High
United States,1990,0.8599738947450559,Very High
United Kingdom,1990,0.7751793139337488,High
Finland,1990,0.7841324738647947,High
New Zealand,1990,0.8175939824320112,Very High
Belgium,1990,0.80648643746543,Very High
Liechtenstein,1990,NA,NA
Japan,1990,0.8157702157791007,Very High
Austria,1990,0.7949870540375634,Very High
Luxembourg,1990,0.7824815066421936,High
Israel,1990,0.7919821336298516,Very High
Korea (Republic of),1990,0.727843284152595,High
France,1990,0.7792864125927482,High
Slovenia,1990,0.7668527684138117,High
Spain,1990,0.7541935901699929,High
Czechia,1990,0.7304126060838647,High
Italy,1990,0.7687394612546758,High
Malta,1990,0.7401900417439693,High
Estonia,1990,0.7326571869713059,High
Greece,1990,0.7530282789358519,High
Cyprus,1990,0.7322057295974786,High
Poland,1990,0.7121314924865068,High
United Arab Emirates,1990,0.7265916372566673,High
Andorra,1990,NA,NA
Lithuania,1990,0.7315688001869364,High
Qatar,1990,0.7540482894278834,High
Slovakia,1990,0.7388735923724354,High
Brunei Darussalam,1990,0.7821358537125406,High
Saudi Arabia,1990,0.6972121278814952,High
Latvia,1990,0.7043082193623357,High
Portugal,1990,0.7114092997838233,High
Bahrain,1990,0.74560156502209,High
Chile,1990,0.7011232230301462,High
Hungary,1990,0.703505509999007,High
Croatia,1990,0.669634306447553,High
Argentina,1990,0.7041935990369873,High
Oman,1990,NA,NA
Russian Federation,1990,0.7335204558922314,High
Montenegro,1990,NA,NA
Bulgaria,1990,0.6942229884013068,High
Romania,1990,0.7010598563419556,High
Belarus,1990,NA,NA
Bahamas,1990,NA,NA
Uruguay,1990,0.6923280887156408,High
Kuwait,1990,0.7125497368430351,High
Malaysia,1990,0.6432214204492243,High
Barbados,1990,0.7159005602285027,High
Kazakhstan,1990,0.689644094050119,High
Iran (Islamic Republic of),1990,0.5766182293499756,High
Palau,1990,NA,NA
Seychelles,1990,NA,NA
Costa Rica,1990,0.6559505328657089,High
Turkey,1990,0.57855563975134106,High
Mauritius,1990,0.6192079404600421,High
Panama,1990,0.659493252923145,High
Serbia,1990,0.7182289704853361,High
Albania,1990,0.6446386567274716,High
Trinidad and Tobago,1990,0.671752075372312,High
Antigua and Barbuda,1990,NA,NA
Georgia,1990,NA,NA
Saint Kitts and Nevis,1990,NA,NA
Cuba,1990,0.6757731068831214,High
Mexico,1990,0.6498132095371358,High
Grenada,1990,NA,NA
Sri Lanka,1990,0.6246190096773554,High
Bosnia and Herzegovina,1990,NA,NA
Venezuela (Bolivarian Republic of),1990,0.6342387198570895,High
Brazil,1990,0.6107149584205486,High
Azerbaijan,1990,NA,NA
Lebanon,1990,NA,NA
The former Yugoslav Republic of Macedonia,1990,NA,NA
Armenia,1990,0.6310289143122435,High
Thailand,1990,0.5737256233785902,High
Algeria,1990,0.577236370855791,High
China,1990,0.50191544968489,Medium
Ecuador,1990,0.6428838468496736,High
Ukraine,1990,0.7054747601654717,High
Peru,1990,0.6110671308608289,High
Colombia,1990,0.59226339750694,High
Saint Lucia,1990,NA,NA
Fiji,1990,0.6429434005964499,High
Mongolia,1990,0.5791170806040259,High
Dominican Republic,1990,0.5979551794726222,High
Jordan,1990,0.6167022940391338,High
Tunisia,1990,0.5688507296446883,Medium
Jamaica,1990,0.6377554052338591,High
Tonga,1990,0.6479092804421338,High
Saint Vincent and the Grenadines,1990,NA,NA
Suriname,1990,NA,NA
Botswana,1990,0.5809934651639097,High
Maldives,1990,NA,NA
Dominica,1990,NA,NA
Samoa,1990,0.6199911285279279,High
Uzbekistan,1990,NA,NA
Belize,1990,0.6437926544092007,High
Marshall Islands,1990,NA,NA
Libya,1990,0.6767829117644815,High
Turkmenistan,1990,NA,NA
Gabon,1990,0.6199651646613548,High
Paraguay,1990,0.5799971997921746,High
Moldova (Republic of),1990,0.651254577291858,High
Philippines,1990,0.5856467865525434,High
South Africa,1990,0.6182321750324834,High
Egypt,1990,0.5464647061028034,Medium
Indonesia,1990,0.5280511583781793,Medium
Viet Nam,1990,0.4751585170288593,Medium
Bolivia (Plurinational State of),1990,0.5355362310249341,Medium
"Palestine, State of",1990,NA,NA
Iraq,1990,0.5719494404202247,High
El Salvador,1990,0.5288276898362787,Medium
Kyrgyzstan,1990,0.6175773443257163,High
Morocco,1990,0.4581962947383277,Low
Nicaragua,1990,0.4891878736614786,Medium
Cabo Verde,1990,NA,NA
Guyana,1990,0.5377448109885463,Medium
Guatemala,1990,0.4775394064534192,Medium
Tajikistan,1990,0.6227164241490986,High
Namibia,1990,0.5788459621578947,High
India,1990,0.42744606129973567,Low
Micronesia (Federated States of),1990,NA,NA
Timor-Leste,1990,NA,NA
Honduras,1990,0.5060237505148838,Medium
Bhutan,1990,NA,NA
Kiribati,1990,NA,NA
Bangladesh,1990,0.3868518012556137,Low
Congo,1990,0.5363382202569474,Medium
Vanuatu,1990,NA,NA
Lao People's Democratic Republic,1990,0.40038590574808314,Low
Ghana,1990,0.4552306664975568,Low
Equatorial Guinea,1990,NA,NA
Kenya,1990,0.46832715974648076,Medium
Sao Tome and Principe,1990,0.452495335629422,Low
Eswatini (Kingdom of),1990,0.5359408478460913,Medium
Zambia,1990,0.4006062929942018,Low
Cambodia,1990,0.36386430412672505,Low
Angola,1990,NA,NA
Myanmar,1990,0.35849270214714,Low
Nepal,1990,0.37814135904567997,Low
Pakistan,1990,0.4040431637043525,Low
Cameroon,1990,0.44031612892222516,Low
Solomon Islands,1990,NA,NA
Papua New Guinea,1990,0.3797430204129548,Low
Tanzania (United Republic of),1990,0.37033859291588744,Low
Syrian Arab Republic,1990,NA,NA
Zimbabwe,1990,0.49066431341234507,Medium
Nigeria,1990,NA,NA
Rwanda,1990,0.24970922429203385,Low
Lesotho,1990,0.499057851228631,Medium
Mauritania,1990,0.37410246339783665,Low
Madagascar,1990,NA,NA
Uganda,1990,0.3106254990530399,Low
Benin,1990,0.3477101264350511,Low
Senegal,1990,0.36652795549770495,Low
Comoros,1990,NA,NA
Togo,1990,0.40463533277947394,Low
Sudan,1990,0.33112435686636604,Low
Afghanistan,1990,NA,NA
Haiti,1990,0.4088797414606469,Low
Côte d'Ivoire,1990,0.3876889778391425,Low
Malawi,1990,0.3395986065331769,Low
Djibouti,1990,NA,NA
Ethiopia,1990,NA,NA
Gambia,1990,0.33296787815410644,Low
Guinea,1990,0.276227777887398,Low
Congo (Democratic Republic of the),1990,0.3564554806371658,Low
Guinea-Bissau,1990,NA,NA
Yemen,1990,0.3993333317752968,Low
Eritrea,1990,NA,NA
Mozambique,1990,0.20861004252293902,Low
Liberia,1990,NA,NA
Mali,1990,0.23123165735914536,Low
Burkina Faso,1990,NA,NA
Sierra Leone,1990,0.27506160903117577,Low
Burundi,1990,0.2965184522704739,Low
Chad,1990,NA,NA
South Sudan,1990,NA,NA
Central African Republic,1990,0.3173591802152401,Low
Niger,1990,0.21035764924148223,Low
Korea (Democratic People's Rep. of),1990,NA,NA
Monaco,1990,NA,NA
Nauru,1990,NA,NA
San Marino,1990,NA,NA
Somalia,1990,NA,NA
Tuvalu,1990,NA,NA
Norway,2000,0.9166616639349402,Very High
Switzerland,2000,0.8890012394598527,Very High
Australia,2000,0.898234266622585,Very High
Ireland,2000,0.8566464184283334,Very High
Germany,2000,0.868405684160781,Very High
Iceland,2000,0.8600644983774717,Very High
"Hong Kong, China (SAR)",2000,0.8267937401247614,High
Sweden,2000,0.8972671772833654,Very High
Singapore,2000,0.8191050278287649,High
Netherlands,2000,0.8755578753401152,Very High
Denmark,2000,0.8629650920417434,Very High
Canada,2000,0.8674243927412196,Very High
United States,2000,0.8845873068286447,Very High
United Kingdom,2000,0.866995535687688,Very High
Finland,2000,0.8575275237357242,Very High
New Zealand,2000,0.8686771920577201,Very High
Belgium,2000,0.8731206687707077,Very High
Liechtenstein,2000,0.8622653534148383,Very High
Japan,2000,0.8553707459579455,Very High
Austria,2000,0.838292152968934,Very High
Luxembourg,2000,0.8551429864771878,Very High
Israel,2000,0.8530717445328958,Very High
Korea (Republic of),2000,0.8173563090669429,High
France,2000,0.8488337032942557,Very High
Slovenia,2000,0.8245295989751158,High
Spain,2000,0.8249799275932899,High
Czechia,2000,0.7960346525737819,High
Italy,2000,0.8296123913442686,High
Malta,2000,0.7825553933651199,High
Estonia,2000,0.7803387648948726,High
Greece,2000,0.7962739979658515,High
Cyprus,2000,0.8017207173376216,High
Poland,2000,0.7850348886736052,High
United Arab Emirates,2000,0.7980354284160383,High
Andorra,2000,0.7586447108266346,High
Lithuania,2000,0.755880111637226,High
Qatar,2000,0.8098448390651469,High
Slovakia,2000,0.7635401674501551,High
Brunei Darussalam,2000,0.8192552836064121,High
Saudi Arabia,2000,0.7431564210789809,High
Latvia,2000,0.7277630183652528,High
Portugal,2000,0.7846388288709483,High
Bahrain,2000,0.7917164020616759,High
Chile,2000,0.759304481544003,High
Hungary,2000,0.7686317823306391,High
Croatia,2000,0.7497040623968226,High
Argentina,2000,0.7710516826161427,High
Oman,2000,0.7041593987443376,High
Russian Federation,2000,0.720078976720064,High
Montenegro,2000,NA,NA
Bulgaria,2000,0.712220384343596,High
Romania,2000,0.7088860953860134,High
Belarus,2000,0.6828210591553346,High
Bahamas,2000,0.7760428276528517,High
Uruguay,2000,0.7420851251676994,High
Kuwait,2000,0.7864676376666981,High
Malaysia,2000,0.7249175846603798,High
Barbados,2000,0.7519542004521717,High
Kazakhstan,2000,0.6847611337260778,High
Iran (Islamic Republic of),2000,0.6704120000190505,High
Palau,2000,0.7431914155415739,High
Seychelles,2000,0.7183048367463198,High
Costa Rica,2000,0.7112307921024279,High
Turkey,2000,0.6554836697668291,High
Mauritius,2000,0.6733115302409125,High
Panama,2000,0.7189806111472115,High
Serbia,2000,0.7106239894332076,High
Albania,2000,0.6690156764838037,High
Trinidad and Tobago,2000,0.7157441298856058,High
Antigua and Barbuda,2000,NA,NA
Georgia,2000,0.6731876535459926,High
Saint Kitts and Nevis,2000,NA,NA
Cuba,2000,0.6862898871358445,High
Mexico,2000,0.7021889172420641,High
Grenada,2000,NA,NA
Sri Lanka,2000,0.685183520721716,High
Bosnia and Herzegovina,2000,0.6720976443537624,High
Venezuela (Bolivarian Republic of),2000,0.672012881705053,High
Brazil,2000,0.6842971366262968,High
Azerbaijan,2000,0.6397276826073864,High
Lebanon,2000,NA,NA
The former Yugoslav Republic of Macedonia,2000,0.6687480007583,High
Armenia,2000,0.647380351324969,High
Thailand,2000,0.6492757340982336,High
Algeria,2000,0.6440668513932647,High
China,2000,0.5936425857348444,Medium
Ecuador,2000,0.6695272164412797,High
Ukraine,2000,0.671272908928078,High
Peru,2000,0.677825242433467,High
Colombia,2000,0.6531824386689238,High
Saint Lucia,2000,0.6899031800948487,High
Fiji,2000,0.6833848954390291,High
Mongolia,2000,0.5889830293750175,Medium
Dominican Republic,2000,0.6565995652904462,High
Jordan,2000,0.7021359842614932,High
Tunisia,2000,0.6533526009223154,High
Jamaica,2000,0.6617186369944018,High
Tonga,2000,0.6728052525508549,High
Saint Vincent and the Grenadines,2000,0.6734489928723423,High
Suriname,2000,NA,NA
Botswana,2000,0.5647879948245503,Medium
Maldives,2000,0.6055964986256842,Medium
Dominica,2000,0.6928710942572549,High
Samoa,2000,0.6468046954282394,High
Uzbekistan,2000,0.5951552127378018,Medium
Belize,2000,0.6774022063629856,High
Marshall Islands,2000,NA,NA
Libya,2000,0.726982459498049,High
Turkmenistan,2000,NA,NA
Gabon,2000,0.6325046597183481,Medium
Paraguay,2000,0.6235229951597157,Medium
Moldova (Republic of),2000,0.5972991009359296,Medium
Philippines,2000,0.6242573179550914,Medium
South Africa,2000,0.6299485720850246,Medium
Egypt,2000,0.6106904395816434,Medium
Indonesia,2000,0.6059835594839511,Medium
Viet Nam,2000,0.5785094173200944,Medium
Bolivia (Plurinational State of),2000,0.6075203894352663,Medium
"Palestine, State of",2000,NA,NA
Iraq,2000,0.6071671558588404,Medium
El Salvador,2000,0.614647257697875,Medium
Kyrgyzstan,2000,0.5939773888060312,Medium
Morocco,2000,0.5302068127732862,Medium
Nicaragua,2000,0.5698386580759576,Medium
Cabo Verde,2000,0.5701055218655174,Medium
Guyana,2000,0.6044042285926479,Medium
Guatemala,2000,0.54624265428523755,Medium
Tajikistan,2000,0.5500790915519289,Medium
Namibia,2000,0.5580614371456254,Medium
India,2000,0.4934387310287768,Low
Micronesia (Federated States of),2000,0.5516443923034058,Medium
Timor-Leste,2000,0.5072820210894862,Low
Honduras,2000,0.5544227285293823,Medium
Bhutan,2000,NA,NA
Kiribati,2000,0.5515493375008403,Medium
Bangladesh,2000,0.46835056933854063,Low
Congo,2000,0.48953252975197015,Low
Vanuatu,2000,NA,NA
Lao People's Democratic Republic,2000,0.4662508645368182,Low
Ghana,2000,0.48439917601722243,Low
Equatorial Guinea,2000,0.5163096602462404,Low
Kenya,2000,0.45105515556202996,Low
Sao Tome and Principe,2000,0.4900513816705147,Low
Eswatini (Kingdom of),2000,0.4711664851665087,Low
Zambia,2000,0.43195228082853865,Low
Cambodia,2000,0.4197950057231822,Low
Angola,2000,0.38713173543377544,Low
Myanmar,2000,0.4311898107285713,Low
Nepal,2000,0.4457528125675691,Low
Pakistan,2000,0.4500108102415151,Low
Cameroon,2000,0.43134395575214407,Low
Solomon Islands,2000,0.4499963795883593,Low
Papua New Guinea,2000,0.44946511507347775,Low
Tanzania (United Republic of),2000,0.3952510916016083,Low
Syrian Arab Republic,2000,0.5900331617149424,Medium
Zimbabwe,2000,0.4404044651733693,Low
Nigeria,2000,NA,NA
Rwanda,2000,0.3350240116600428,Low
Lesotho,2000,0.46695384939008466,Low
Mauritania,2000,0.44216667586402864,Low
Madagascar,2000,0.455723599821306,Low
Uganda,2000,0.3981581358502162,Low
Benin,2000,0.3978506870275957,Low
Senegal,2000,0.3799865993486644,Low
Comoros,2000,NA,NA
Togo,2000,0.42513156792725904,Low
Sudan,2000,0.40211052312042095,Low
Afghanistan,2000,NA,NA
Haiti,2000,0.44208232164606903,Low
Côte d'Ivoire,2000,0.39408061662312854,Low
Malawi,2000,0.3989022706351803,Low
Djibouti,2000,0.36319593426115565,Low
Ethiopia,2000,0.28336519736416105,Low
Gambia,2000,0.38529450322184683,Low
Guinea,2000,0.3286316913900501,Low
Congo (Democratic Republic of the),2000,0.33293563518071523,Low
Guinea-Bissau,2000,NA,NA
Yemen,2000,0.44257167749797455,Low
Eritrea,2000,NA,NA
Mozambique,2000,0.2975136394689613,Low
Liberia,2000,0.3866750603187443,Low
Mali,2000,0.3082606377671597,Low
Burkina Faso,2000,0.2859153854451182,Low
Sierra Leone,2000,0.28403914147133535,Low
Burundi,2000,0.30342150919223737,Low
Chad,2000,0.2985032541514397,Low
South Sudan,2000,NA,NA
Central African Republic,2000,0.309103399797703,Low
Niger,2000,0.25200229490439574,Low
Korea (Democratic People's Rep. of),2000,NA,NA
Monaco,2000,NA,NA
Nauru,2000,NA,NA
San Marino,2000,NA,NA
Somalia,2000,NA,NA
Tuvalu,2000,NA,NA
Norway,2010,0.9415784225169305,Very High
Switzerland,2010,0.9319859222691773,Very High
Australia,2010,0.9230299012797398,Very High
Ireland,2010,0.9094643974766692,Very High
Germany,2010,0.9207180903908809,Very High
Iceland,2010,0.8914765295284396,Very High
"Hong Kong, China (SAR)",2010,0.90126319366721,Very High
Sweden,2010,0.9054079775892695,Very High
Singapore,2010,0.9090845177462514,Very High
Netherlands,2010,0.9102188662785397,Very High
Denmark,2010,0.9100647644615796,Very High
Canada,2010,0.9016010593488112,Very High
United States,2010,0.9137215958384622,Very High
United Kingdom,2010,0.9053420110210383,Very High
Finland,2010,0.9034653206570117,Very High
New Zealand,2010,0.8992112210884805,Very High
Belgium,2010,0.902774182627763,Very High
Liechtenstein,2010,0.9041955896747285,Very High
Japan,2010,0.8848038215821445,Very High
Austria,2010,0.8948894470398044,Very High
Luxembourg,2010,0.8891930534760273,Very High
Israel,2010,0.8867572186122512,Very High
Korea (Republic of),2010,0.884018971376198,Very High
France,2010,0.8815498327605845,Very High
Slovenia,2010,0.8819466419602034,Very High
Spain,2010,0.8648856678733804,High
Czechia,2010,0.8617961653291967,High
Italy,2010,0.8704401371450081,High
Malta,2010,0.842521270077155,High
Estonia,2010,0.8445825915219507,High
Greece,2010,0.8557243364841247,High
Cyprus,2010,0.8499239470811846,High
Poland,2010,0.8351636140915617,High
United Arab Emirates,2010,0.8359762153936098,High
Andorra,2010,0.827924780025875,High
Lithuania,2010,0.8239971807077867,High
Qatar,2010,0.8251101810264089,High
Slovakia,2010,0.8291222034185267,High
Brunei Darussalam,2010,0.8422781661238496,High
Saudi Arabia,2010,0.8080534338925084,High
Latvia,2010,0.8162220821668447,High
Portugal,2010,0.8216549096570158,High
Bahrain,2010,0.796175905987011,High
Chile,2010,0.808004807753761,High
Hungary,2010,0.8228320430635111,High
Croatia,2010,0.8080951524568382,High
Argentina,2010,0.8134728280942767,High
Oman,2010,0.7929478531609532,High
Russian Federation,2010,0.779776477461156,High
Montenegro,2010,0.7933018719062417,High
Bulgaria,2010,0.7789038545664725,High
Romania,2010,0.7972633141958756,High
Belarus,2010,0.791529322918339,High
Bahamas,2010,0.7891597180532381,High
Uruguay,2010,0.7726854796709125,High
Kuwait,2010,0.7921177172712586,High
Malaysia,2010,0.7721942998937366,High
Barbados,2010,0.7816162567631972,High
Kazakhstan,2010,0.7654430634893858,High
Iran (Islamic Republic of),2010,0.7551660110181313,High
Palau,2010,0.7687696620278528,High
Seychelles,2010,0.7468686714461645,High
Costa Rica,2010,0.7541723522425412,High
Turkey,2010,0.7344646198913575,High
Mauritius,2010,0.7485119433076464,High
Panama,2010,0.7577990977450695,High
Serbia,2010,0.7587725431681621,High
Albania,2010,0.7407595767447374,High
Trinidad and Tobago,2010,0.775267921257401,High
Antigua and Barbuda,2010,0.7660593661381394,High
Georgia,2010,0.7349351026352344,High
Saint Kitts and Nevis,2010,0.7450554128634596,High
Cuba,2010,0.7790977943287102,High
Mexico,2010,0.7434404989534323,High
Grenada,2010,0.7428825771277774,High
Sri Lanka,2010,0.7451487220049445,High
Bosnia and Herzegovina,2010,0.7133469702196857,Medium
Venezuela (Bolivarian Republic of),2010,0.7585696682095782,High
Brazil,2010,0.7266136072620579,High
Azerbaijan,2010,0.7402199946363635,High
Lebanon,2010,0.7583290958181472,High
The former Yugoslav Republic of Macedonia,2010,0.7345622597449556,High
Armenia,2010,0.7275648018367554,High
Thailand,2010,0.7243423507882005,High
Algeria,2010,0.7285071031282978,High
China,2010,0.7061012284218313,Medium
Ecuador,2010,0.7150252390240416,Medium
Ukraine,2010,0.7328324263085755,High
Peru,2010,0.7169154217465072,Medium
Colombia,2010,0.7188375837718474,High
Saint Lucia,2010,0.7305579865279265,High
Fiji,2010,0.7110783641324999,Medium
Mongolia,2010,0.697042646488526,Medium
Dominican Republic,2010,0.7024902407264302,Medium
Jordan,2010,0.728178591065106,High
Tunisia,2010,0.7156562457379582,Medium
Jamaica,2010,0.7122568042406257,Medium
Tonga,2010,0.7116187658386071,Medium
Saint Vincent and the Grenadines,2010,0.7150770121762156,Medium
Suriname,2010,0.7030670840228658,Medium
Botswana,2010,0.6600469260373684,Medium
Maldives,2010,0.670635292481827,Medium
Dominica,2010,0.7217327156032037,High
Samoa,2010,0.6925546529180431,Medium
Uzbekistan,2010,0.6663193714849399,Medium
Belize,2010,0.6988149093575934,Medium
Marshall Islands,2010,NA,NA
Libya,2010,0.7554473526926754,High
Turkmenistan,2010,0.6734076893966001,Medium
Gabon,2010,0.6653212303842219,Medium
Paraguay,2010,0.6745032237327068,Medium
Moldova (Republic of),2010,0.6699312299403286,Medium
Philippines,2010,0.6651358873505164,Medium
South Africa,2010,0.649358712702558,Medium
Egypt,2010,0.6653396407700275,Medium
Indonesia,2010,0.6612656933846881,Medium
Viet Nam,2010,0.6539616459453187,Medium
Bolivia (Plurinational State of),2010,0.6487611902385054,Medium
"Palestine, State of",2010,0.671660070618033,Medium
Iraq,2010,0.6493906009686161,Medium
El Salvador,2010,0.6707256711124354,Medium
Kyrgyzstan,2010,0.6363842302614878,Medium
Morocco,2010,0.616026835006826,Medium
Nicaragua,2010,0.6211149553995479,Medium
Cabo Verde,2010,0.6289745025567158,Medium
Guyana,2010,0.6302612141267303,Medium
Guatemala,2010,0.6113987914264014,Medium
Tajikistan,2010,0.6340556738386623,Medium
Namibia,2010,0.5944020918202858,Low
India,2010,0.5805535804101832,Low
Micronesia (Federated States of),2010,0.6082139186902323,Medium
Timor-Leste,2010,0.6193127321175428,Medium
Honduras,2010,0.5956967182655375,Low
Bhutan,2010,0.5657820651781291,Low
Kiribati,2010,0.5897079859393459,Low
Bangladesh,2010,0.5454242146326232,Low
Congo,2010,0.5571661954287471,Low
Vanuatu,2010,0.5908636019260193,Low
Lao People's Democratic Republic,2010,0.5459513033155327,Low
Ghana,2010,0.5543590016703887,Low
Equatorial Guinea,2010,0.58118179226218,Low
Kenya,2010,0.5433189796636856,Low
Sao Tome and Principe,2010,0.5418846950070498,Low
Eswatini (Kingdom of),2010,0.5382472531548176,Low
Zambia,2010,0.5443774125112503,Low
Cambodia,2010,0.537036099755243,Low
Angola,2010,0.5204147492483068,Low
Myanmar,2010,0.5300474247681428,Low
Nepal,2010,0.5285221053533107,Low
Pakistan,2010,0.5257502821076722,Low
Cameroon,2010,0.5062331730400352,Low
Solomon Islands,2010,0.5066997980469409,Low
Papua New Guinea,2010,0.5203734846999728,Low
Tanzania (United Republic of),2010,0.493078124781892,Low
Syrian Arab Republic,2010,0.6440400473747413,Medium
Zimbabwe,2010,0.46696856851535185,Low
Nigeria,2010,0.4838596986127625,Low
Rwanda,2010,0.48511888162084427,Low
Lesotho,2010,0.49268360540930317,Low
Mauritania,2010,0.48649047788244915,Low
Madagascar,2010,0.5036638568260453,Low
Uganda,2010,0.48633688547410314,Low
Benin,2010,0.4728497793179804,Low
Senegal,2010,0.4561244481644168,Low
Comoros,2010,0.48166245548426334,Low
Togo,2010,0.45628882772764956,Low
Sudan,2010,0.4703777154438101,Low
Afghanistan,2010,0.46264370968659857,Low
Haiti,2010,0.46996827645233014,Low
Côte d'Ivoire,2010,0.4421632005038006,Low
Malawi,2010,0.4412437507715632,Low
Djibouti,2010,0.44945183465913846,Low
Ethiopia,2010,0.41205466586037337,Low
Gambia,2010,0.4409370166045362,Low
Guinea,2010,0.4043277260796892,Low
Congo (Democratic Republic of the),2010,0.40656561347330633,Low
Guinea-Bissau,2010,0.4261784532682192,Low
Yemen,2010,0.49768277362621127,Low
Eritrea,2010,0.4163479096315215,Low
Mozambique,2010,0.40347192524149844,Low
Liberia,2010,0.40659651373867955,Low
Mali,2010,0.4032980670078285,Low
Burkina Faso,2010,0.3747465385517476,Low
Sierra Leone,2010,0.3852968013031671,Low
Burundi,2010,0.3953882083094103,Low
Chad,2010,0.37120525441032337,Low
South Sudan,2010,0.4133888415456518,Low
Central African Republic,2010,0.3507690092319476,Low
Niger,2010,0.31792395843740984,Low
Korea (Democratic People's Rep. of),2010,NA,NA
Monaco,2010,NA,NA
Nauru,2010,NA,NA
San Marino,2010,NA,NA
Somalia,2010,NA,NA
Tuvalu,2010,NA,NA
Norway,2012,0.9421829920256662,Very High
Switzerland,2012,0.9351917150733491,Very High
Australia,2012,0.928781905337829,Very High
Ireland,2012,0.9017839939519823,Very High
Germany,2012,0.9277353613838799,Very High
Iceland,2012,0.9086434833325195,Very High
"Hong Kong, China (SAR)",2012,0.9111401020534745,Very High
Sweden,2012,0.9075314302323302,Very High
Singapore,2012,0.9200317269898712,Very High
Netherlands,2012,0.9210277108552317,Very High
Denmark,2012,0.9239762556260381,Very High
Canada,2012,0.9075526111019709,Very High
United States,2012,0.9178415038337774,Very High
United Kingdom,2012,0.8975908113967865,Very High
Finland,2012,0.90796271383829,Very High
New Zealand,2012,0.9048806789761905,Very High
Belgium,2012,0.9052523928868946,Very High
Liechtenstein,2012,0.9126773264896066,Very High
Japan,2012,0.8945751646395893,Very High
Austria,2012,0.8987188037322403,Very High
Luxembourg,2012,0.8921359070122388,Very High
Israel,2012,0.892915206013268,Very High
Korea (Republic of),2012,0.8900939669468014,Very High
France,2012,0.8863620890113129,Very High
Slovenia,2012,0.8772381959013132,High
Spain,2012,0.8728855698871217,High
Czechia,2012,0.8652226235043151,High
Italy,2012,0.874042303354458,High
Malta,2012,0.8492869966090202,High
Estonia,2012,0.8585946378637779,High
Greece,2012,0.8542496199029833,High
Cyprus,2012,0.8522012431643199,High
Poland,2012,0.836000715224465,High
United Arab Emirates,2012,0.8455089491640237,High
Andorra,2012,0.8485360173248786,High
Lithuania,2012,0.8311116399781965,High
Qatar,2012,0.8436919279503663,High
Slovakia,2012,0.8416027453076956,High
Brunei Darussalam,2012,0.852343514059006,High
Saudi Arabia,2012,0.834746353242833,High
Latvia,2012,0.8242207720079061,High
Portugal,2012,0.8287669812546801,High
Bahrain,2012,0.7998415731533901,High
Chile,2012,0.8185228733232491,High
Hungary,2012,0.8304134479500084,High
Croatia,2012,0.8164149502803718,High
Argentina,2012,0.8182275392018736,High
Oman,2012,0.804185296948814,High
Russian Federation,2012,0.7976760133302443,High
Montenegro,2012,0.7999457814027404,High
Bulgaria,2012,0.7858591615614191,High
Romania,2012,0.7952967184597031,High
Belarus,2012,0.802600563544276,High
Bahamas,2012,0.8072467036081387,High
Uruguay,2012,0.7895057123814553,High
Kuwait,2012,0.7957573442296546,High
Malaysia,2012,0.7806166789038818,High
Barbados,2012,0.7947285655511781,High
Kazakhstan,2012,0.7807985885671048,High
Iran (Islamic Republic of),2012,0.781049080205621,High
Palau,2012,0.778489349423898,High
Seychelles,2012,0.7697545594475248,High
Costa Rica,2012,0.7722164487225326,High
Turkey,2012,0.7602008876445812,High
Mauritius,2012,0.7667183892576183,High
Panama,2012,0.7705111438449179,High
Serbia,2012,0.7678460590411581,High
Albania,2012,0.7671723081275416,High
Trinidad and Tobago,2012,0.7744671362853468,High
Antigua and Barbuda,2012,0.7645881084213714,High
Georgia,2012,0.7501565790249349,High
Saint Kitts and Nevis,2012,0.7556789053282991,High
Cuba,2012,0.7674144709901257,High
Mexico,2012,0.7568698837967012,High
Grenada,2012,0.7494372663945316,High
Sri Lanka,2012,0.7565463546262328,High
Bosnia and Herzegovina,2012,0.7393997783699977,High
Venezuela (Bolivarian Republic of),2012,0.7740274914580034,High
Brazil,2012,0.7358596225971408,High
Azerbaijan,2012,0.7450637293411942,High
Lebanon,2012,0.7513679751741603,High
The former Yugoslav Republic of Macedonia,2012,0.7398272750929648,High
Armenia,2012,0.737300826116534,High
Thailand,2012,0.7309541504978934,Medium
Algeria,2012,0.7404276821884238,High
China,2012,0.7216888545023941,Medium
Ecuador,2012,0.7256962526739978,Medium
Ukraine,2012,0.7428704372696459,High
Peru,2012,0.7292791453914386,Medium
Colombia,2012,0.7253868764238793,Medium
Saint Lucia,2012,0.7297424719394118,Medium
Fiji,2012,0.7192828824021494,Medium
Mongolia,2012,0.7198739381710665,Medium
Dominican Republic,2012,0.709738900718941,Medium
Jordan,2012,0.7264543905101549,Medium
Tunisia,2012,0.719402209070876,Medium
Jamaica,2012,0.720777038604539,Medium
Tonga,2012,0.7167427753660452,Medium
Saint Vincent and the Grenadines,2012,0.7177782786416628,Medium
Suriname,2012,0.7111371155506592,Medium
Botswana,2012,0.6830086862334216,Medium
Maldives,2012,0.687666131081713,Medium
Dominica,2012,0.7210733361828232,Medium
Samoa,2012,0.6973548958645107,Medium
Uzbekistan,2012,0.6826892261837142,Medium
Belize,2012,0.706324970358882,Medium
Marshall Islands,2012,NA,NA
Libya,2012,0.7406243839592361,High
Turkmenistan,2012,0.6860138379093037,Medium
Gabon,2012,0.6784663050213958,Medium
Paraguay,2012,0.6799615704208598,Medium
Moldova (Republic of),2012,0.6835023753979745,Medium
Philippines,2012,0.6773115492543944,Medium
South Africa,2012,0.6642913879814796,Medium
Egypt,2012,0.6748593820749839,Medium
Indonesia,2012,0.675374635223808,Medium
Viet Nam,2012,0.6696355795833779,Medium
Bolivia (Plurinational State of),2012,0.6619846413458041,Medium
"Palestine, State of",2012,0.6866195194770103,Medium
Iraq,2012,0.6593408001493455,Medium
El Salvador,2012,0.669850781931504,Medium
Kyrgyzstan,2012,0.6487512382989878,Medium
Morocco,2012,0.6353819782177862,Medium
Nicaragua,2012,0.6327236580914946,Medium
Cabo Verde,2012,0.6359234896255634,Medium
Guyana,2012,0.6415810746093923,Medium
Guatemala,2012,0.6127368651227714,Medium
Tajikistan,2012,0.6416851691886032,Medium
Namibia,2012,0.6174088528508749,Medium
India,2012,0.5996451381093597,Low
Micronesia (Federated States of),2012,0.616309552379719,Medium
Timor-Leste,2012,0.5986252491010526,Low
Honduras,2012,0.5967738998690023,Low
Bhutan,2012,0.5848861989832728,Low
Kiribati,2012,0.5984886427812098,Low
Bangladesh,2012,0.5664973004415221,Low
Congo,2012,0.572599549375081,Low
Vanuatu,2012,0.5918258974226492,Low
Lao People's Democratic Republic,2012,0.5686822562177493,Low
Ghana,2012,0.5697184178282927,Low
Equatorial Guinea,2012,0.5888609487423863,Low
Kenya,2012,0.5594854118230086,Low
Sao Tome and Principe,2012,0.5513102977603191,Low
Eswatini (Kingdom of),2012,0.5609232066455224,Low
Zambia,2012,0.5686460761970218,Low
Cambodia,2012,0.5528798470213122,Low
Angola,2012,0.543262727449516,Low
Myanmar,2012,0.548720914920584,Low
Nepal,2012,0.5475976859664788,Low
Pakistan,2012,0.5345465874335533,Low
Cameroon,2012,0.5261468732897976,Low
Solomon Islands,2012,0.5294149095120881,Low
Papua New Guinea,2012,0.5298366321427108,Low
Tanzania (United Republic of),2012,0.5064780123592169,Low
Syrian Arab Republic,2012,0.6313509282677161,Medium
Zimbabwe,2012,0.5046445812324405,Low
Nigeria,2012,0.5119080862150741,Low
Rwanda,2012,0.500402425072297,Low
Lesotho,2012,0.5046846363283817,Low
Mauritania,2012,0.4990328836297154,Low
Madagascar,2012,0.5066830367254609,Low
Uganda,2012,0.4915183424994084,Low
Benin,2012,0.48869684715297457,Low
Senegal,2012,0.47580740274232747,Low
Comoros,2012,0.49330549556812436,Low
Togo,2012,0.4660762692059454,Low
Sudan,2012,0.48512319309597113,Low
Afghanistan,2012,0.4815449295722067,Low
Haiti,2012,0.48128058070425306,Low
Côte d'Ivoire,2012,0.4543656383528496,Low
Malawi,2012,0.45494672863493163,Low
Djibouti,2012,0.4588202538392936,Low
Ethiopia,2012,0.429612829901251,Low
Gambia,2012,0.4452764979042815,Low
Guinea,2012,0.4276290493357561,Low
Congo (Democratic Republic of the),2012,0.41950179313598046,Low
Guinea-Bissau,2012,0.43662701678250865,Low
Yemen,2012,0.5046721077152792,Low
Eritrea,2012,0.4215286123902137,Low
Mozambique,2012,0.41185881979239186,Low
Liberia,2012,0.42021921716224664,Low
Mali,2012,0.40787288494439056,Low
Burkina Faso,2012,0.39432010685092905,Low
Sierra Leone,2012,0.4069054418017894,Low
Burundi,2012,0.4083563256106634,Low
Chad,2012,0.39072467385738213,Low
South Sudan,2012,0.3880194820639382,Low
Central African Republic,2012,0.3652097425519092,Low
Niger,2012,0.3360301237993033,Low
Korea (Democratic People's Rep. of),2012,NA,NA
Monaco,2012,NA,NA
Nauru,2012,NA,NA
San Marino,2012,NA,NA
Somalia,2012,NA,NA
Tuvalu,2012,NA,NA
Norway,2014,0.9456420727119171,Very High
Switzerland,2014,0.9393897441530009,Very High
Australia,2014,0.9332256160959826,Very High
Ireland,2014,0.9211183405591135,Very High
Germany,2014,0.9300149792837,Very High
Iceland,2014,0.9245758347644027,Very High
"Hong Kong, China (SAR)",2014,0.9232739248197119,Very High
Sweden,2014,0.9200000947000598,Very High
Singapore,2014,0.9275605099573008,Very High
Netherlands,2014,0.9244776236966815,Very High
Denmark,2014,0.9282316633052561,Very High
Canada,2014,0.9178154178411568,Very High
United States,2014,0.9176990482300944,Very High
United Kingdom,2014,0.9189750939405213,Very High
Finland,2014,0.9142740047081425,Very High
New Zealand,2014,0.909531029827902,Very High
Belgium,2014,0.909417515107281,Very High
Liechtenstein,2014,0.9108818510147857,Very High
Japan,2014,0.9031353072311679,Very High
Austria,2014,0.9014704133105146,Very High
Luxembourg,2014,0.8950410944294765,Very High
Israel,2014,0.8991877136952995,Very High
Korea (Republic of),2014,0.8957617240012508,Very High
France,2014,0.8944264280822533,Very High
Slovenia,2014,0.8867582218851555,Very High
Spain,2014,0.8797991075219412,High
Czechia,2014,0.8789289079281665,High
Italy,2014,0.8743993121468568,High
Malta,2014,0.8623661967458398,High
Estonia,2014,0.8636668835805229,High
Greece,2014,0.8638454199337754,High
Cyprus,2014,0.856087014876622,High
Poland,2014,0.8420180858800741,High
United Arab Emirates,2014,0.8554118894918689,High
Andorra,2014,0.8531845912712563,High
Lithuania,2014,0.85138208665025,High
Qatar,2014,0.8534449230863104,High
Slovakia,2014,0.8448782993641278,High
Brunei Darussalam,2014,0.8534877789547273,High
Saudi Arabia,2014,0.8517701645357145,High
Latvia,2014,0.8378487135133912,High
Portugal,2014,0.8394061352384864,High
Bahrain,2014,0.8101901417640094,High
Chile,2014,0.833084584930709,High
Hungary,2014,0.8326953889673328,High
Croatia,2014,0.8236942766230316,High
Argentina,2014,0.8199199921435755,High
Oman,2014,0.8149351176298408,High
Russian Federation,2014,0.8073466224810416,High
Montenegro,2014,0.8052561657274608,High
Bulgaria,2014,0.7969182880919777,High
Romania,2014,0.8022945860194823,High
Belarus,2014,0.8066452816719559,High
Bahamas,2014,0.8065606065943829,High
Uruguay,2014,0.8010562783813873,High
Kuwait,2014,0.7986022493885393,High
Malaysia,2014,0.7901890627133161,High
Barbados,2014,0.7963576323656261,High
Kazakhstan,2014,0.792636289295766,High
Iran (Islamic Republic of),2014,0.7876336977448273,High
Palau,2014,0.7855081597253453,High
Seychelles,2014,0.7862345654042237,High
Costa Rica,2014,0.7803865674521939,High
Turkey,2014,0.7776097801099979,High
Mauritius,2014,0.7815701622769945,High
Panama,2014,0.7812846239263181,High
Serbia,2014,0.7754412262496233,High
Albania,2014,0.7730393831862276,High
Trinidad and Tobago,2014,0.7791661379053808,High
Antigua and Barbuda,2014,0.7702668455863221,High
Georgia,2014,0.7652820131462899,High
Saint Kitts and Nevis,2014,0.7703954854078033,High
Cuba,2014,0.768351078204,High
Mexico,2014,0.7605326235960232,High
Grenada,2014,0.7607886647295704,High
Sri Lanka,2014,0.7629254197494973,High
Bosnia and Herzegovina,2014,0.7540540525363384,High
Venezuela (Bolivarian Republic of),2014,0.7776964572205272,High
Brazil,2014,0.7522424466704885,High
Azerbaijan,2014,0.7581469251701825,High
Lebanon,2014,0.7512317345094561,High
The former Yugoslav Republic of Macedonia,2014,0.7471323015907179,High
Armenia,2014,0.7452136059899203,High
Thailand,2014,0.7349746863798229,Medium
Algeria,2014,0.7470439403083056,High
China,2014,0.7378885749412235,Medium
Ecuador,2014,0.7415006230765443,Medium
Ukraine,2014,0.747788918536783,High
Peru,2014,0.7458702401391476,High
Colombia,2014,0.7384732984976824,Medium
Saint Lucia,2014,0.7365149885457299,Medium
Fiji,2014,0.7301860499536509,Medium
Mongolia,2014,0.7342075717480447,Medium
Dominican Republic,2014,0.7183603203980108,Medium
Jordan,2014,0.7298049894833792,Medium
Tunisia,2014,0.7251711186495877,Medium
Jamaica,2014,0.7283514072657657,Medium
Tonga,2014,0.7172437252958653,Medium
Saint Vincent and the Grenadines,2014,0.7199306994353274,Medium
Suriname,2014,0.7182418403855135,Medium
Botswana,2014,0.7012297602674455,Medium
Maldives,2014,0.704528311599535,Medium
Dominica,2014,0.7237937685823143,Medium
Samoa,2014,0.7025358971294505,Medium
Uzbekistan,2014,0.6950107511488217,Medium
Belize,2014,0.7056684141408628,Medium
Marshall Islands,2014,NA,NA
Libya,2014,0.6949920467507558,Medium
Turkmenistan,2014,0.6969057001106334,Medium
Gabon,2014,0.6934143636979441,Medium
Paraguay,2014,0.698049961644989,Medium
Moldova (Republic of),2014,0.6958421654928262,Medium
Philippines,2014,0.6885004514230597,Medium
South Africa,2014,0.6848346432089923,Medium
Egypt,2014,0.6827017346165627,Medium
Indonesia,2014,0.6834192854801973,Medium
Viet Nam,2014,0.6777553613298509,Medium
Bolivia (Plurinational State of),2014,0.6746991151443306,Medium
"Palestine, State of",2014,0.6791242202977761,Medium
Iraq,2014,0.6663353935418144,Medium
El Salvador,2014,0.6698873033807176,Medium
Kyrgyzstan,2014,0.6631070375074496,Medium
Morocco,2014,0.6496558310850139,Medium
Nicaragua,2014,0.648697698989011,Medium
Cabo Verde,2014,0.6437815642109338,Medium
Guyana,2014,0.6475881779564504,Medium
Guatemala,2014,0.6428326115858466,Medium
Tajikistan,2014,0.6453621747334658,Medium
Namibia,2014,0.6364154096633607,Medium
India,2014,0.6179306474121841,Low
Micronesia (Federated States of),2014,0.6181567637423006,Low
Timor-Leste,2014,0.6096782103122832,Low
Honduras,2014,0.6026740377020257,Low
Bhutan,2014,0.5992750475105102,Low
Kiribati,2014,0.6157630705082106,Low
Bangladesh,2014,0.5831667918251406,Low
Congo,2014,0.5953799499178036,Low
Vanuatu,2014,0.5980629586045123,Low
Lao People's Democratic Republic,2014,0.5862266169272314,Low
Ghana,2014,0.5761479871920256,Low
Equatorial Guinea,2014,0.590449028128955,Low
Kenya,2014,0.5722413072512467,Low
Sao Tome and Principe,2014,0.5671467312733085,Low
Eswatini (Kingdom of),2014,0.5795262107039688,Low
Zambia,2014,0.580402239608108,Low
Cambodia,2014,0.56622828030101,Low
Angola,2014,0.5639129363745963,Low
Myanmar,2014,0.5636705991717651,Low
Nepal,2014,0.5604091526601025,Low
Pakistan,2014,0.5478279361625293,Low
Cameroon,2014,0.543091727654025,Low
Solomon Islands,2014,0.5393698089487307,Low
Papua New Guinea,2014,0.5362533606196656,Low
Tanzania (United Republic of),2014,0.5151206569999698,Low
Syrian Arab Republic,2014,0.5503189717507024,Low
Zimbabwe,2014,0.5249700108888624,Low
Nigeria,2014,0.5240362328572649,Low
Rwanda,2014,0.50937814147256,Low
Lesotho,2014,0.5085790269765713,Low
Mauritania,2014,0.5141909865046455,Low
Madagascar,2014,0.5118459905352578,Low
Uganda,2014,0.5001770436631097,Low
Benin,2014,0.50539892135751,Low
Senegal,2014,0.4861842106146975,Low
Comoros,2014,0.5012919409821797,Low
Togo,2014,0.48140503150570596,Low
Sudan,2014,0.492210738932249,Low
Afghanistan,2014,0.4909219439498434,Low
Haiti,2014,0.4900637933609548,Low
Côte d'Ivoire,2014,0.46541342955675935,Low
Malawi,2014,0.46770322337815284,Low
Djibouti,2014,0.4668086184776749,Low
Ethiopia,2014,0.44486525782716174,Low
Gambia,2014,0.45367605625792035,Low
Guinea,2014,0.44041941236175747,Low
Congo (Democratic Republic of the),2014,0.4355149414792476,Low
Guinea-Bissau,2014,0.4453788625720695,Low
Yemen,2014,0.505280034861276,Low
Eritrea,2014,0.4283341541605381,Low
Mozambique,2014,0.42741386978710455,Low
Liberia,2014,0.4305771271899036,Low
Mali,2014,0.41396068550466836,Low
Burkina Faso,2014,0.4048992376713968,Low
Sierra Leone,2014,0.4227753790969834,Low
Burundi,2014,0.42053938543220115,Low
Chad,2014,0.40265021687817776,Low
South Sudan,2014,0.3973491719197801,Low
Central African Republic,2014,0.3493418981447885,Low
Niger,2014,0.345190594062565,Low
Korea (Democratic People's Rep. of),2014,NA,NA
Monaco,2014,NA,NA
Nauru,2014,NA,NA
San Marino,2014,NA,NA
Somalia,2014,NA,NA
Tuvalu,2014,NA,NA
Norway,2015,0.948002419466177,Very High
Switzerland,2015,0.9418863934154347,Very High
Australia,2015,0.9356331583849764,Very High
Ireland,2015,0.9292174032909376,Very High
Germany,2015,0.9326735965013806,Very High
Iceland,2015,0.9273911466272216,Very High
"Hong Kong, China (SAR)",2015,0.9268403970380034,Very High
Sweden,2015,0.9290210042558709,Very High
Singapore,2015,0.9291888572886682,Very High
Netherlands,2015,0.9263547954141539,Very High
Denmark,2015,0.9263878170783845,Very High
Canada,2015,0.9200534689735574,Very High
United States,2015,0.9202302391013459,Very High
United Kingdom,2015,0.9176052880466863,Very High
Finland,2015,0.9154066419738134,Very High
New Zealand,2015,0.9137620056708454,Very High
Belgium,2015,0.9127839260501227,Very High
Liechtenstein,2015,0.9122874683984628,Very High
Japan,2015,0.9048138834738697,Very High
Austria,2015,0.9028734507835705,Very High
Luxembourg,2015,0.8991706640240128,Very High
Israel,2015,0.900875980422802,Very High
Korea (Republic of),2015,0.8980173707734285,Very High
France,2015,0.8979901430645024,Very High
Slovenia,2015,0.8885549912216858,High
Spain,2015,0.8847176790172303,High
Czechia,2015,0.8818297699362259,High
Italy,2015,0.8763888252808213,High
Malta,2015,0.8714829726285663,High
Estonia,2015,0.8655202333123095,High
Greece,2015,0.8656523016276201,High
Cyprus,2015,0.8601494028875531,High
Poland,2015,0.8554072351132205,High
United Arab Emirates,2015,0.8600626462655816,High
Andorra,2015,0.8544277852558375,High
Lithuania,2015,0.8522353814657857,High
Qatar,2015,0.8541716272819024,High
Slovakia,2015,0.8510482900464496,High
Brunei Darussalam,2015,0.85197015327668435,High
Saudi Arabia,2015,0.8536130114524547,High
Latvia,2015,0.8411212743183897,High
Portugal,2015,0.8416423237627575,High
Bahrain,2015,0.8321600330704897,High
Chile,2015,0.8395842455108543,High
Hungary,2015,0.8339570564624114,High
Croatia,2015,0.8268335799188825,High
Argentina,2015,0.8220960711246712,High
Oman,2015,0.822096563031024,High
Russian Federation,2015,0.8126673923546415,High
Montenegro,2015,0.8086806401824082,High
Bulgaria,2015,0.8074641717936757,High
Romania,2015,0.8052639324988174,High
Belarus,2015,0.8050782554004291,High
Bahamas,2015,0.8073262070597813,High
Uruguay,2015,0.800426370732634,High
Kuwait,2015,0.8017679767292476,High
Malaysia,2015,0.7947590976016541,High
Barbados,2015,0.7973900010038725,High
Kazakhstan,2015,0.7971585866039932,High
Iran (Islamic Republic of),2015,0.7886214614096477,High
Palau,2015,0.7925041098923327,High
Seychelles,2015,0.7908243633097095,High
Costa Rica,2015,0.7876884369203513,High
Turkey,2015,0.7827918940351817,High
Mauritius,2015,0.7822769447163332,High
Panama,2015,0.78083933631364,High
Serbia,2015,0.7797029281441018,High
Albania,2015,0.7755963691034083,High
Trinidad and Tobago,2015,0.782846825355333,High
Antigua and Barbuda,2015,0.7751817390247022,High
Georgia,2015,0.7713284256639411,High
Saint Kitts and Nevis,2015,0.772708469582563,High
Cuba,2015,0.7719982026429959,High
Mexico,2015,0.7665401391763845,High
Grenada,2015,0.766924299294203,High
Sri Lanka,2015,0.7662859186061189,High
Bosnia and Herzegovina,2015,0.7550524740864611,High
Venezuela (Bolivarian Republic of),2015,0.7745883394311484,High
Brazil,2015,0.7571398047311826,High
Azerbaijan,2015,0.7582762207423613,High
Lebanon,2015,0.7516661915266771,High
The former Yugoslav Republic of Macedonia,2015,0.7537075522175049,High
Armenia,2015,0.7484627950297457,Medium
Thailand,2015,0.7413958769655609,Medium
Algeria,2015,0.7492479974436608,Medium
China,2015,0.7428210110968347,Medium
Ecuador,2015,0.7430014761623225,Medium
Ukraine,2015,0.7434887113550483,Medium
Peru,2015,0.7450786242281776,Medium
Colombia,2015,0.7422079849755713,Medium
Saint Lucia,2015,0.7439783869714242,Medium
Fiji,2015,0.7380986298590931,Medium
Mongolia,2015,0.7371298571025666,Medium
Dominican Republic,2015,0.7294809430038581,Medium
Jordan,2015,0.7330817722137766,Medium
Tunisia,2015,0.7279158603924567,Medium
Jamaica,2015,0.7296452167606543,Medium
Tonga,2015,0.7207293999138767,Medium
Saint Vincent and the Grenadines,2015,0.7203746214544196,Medium
Suriname,2015,0.7214976863235268,Medium
Botswana,2015,0.7060189054850947,Medium
Maldives,2015,0.7095858522005161,Medium
Dominica,2015,0.7213003932753904,Medium
Samoa,2015,0.7062444432896658,Medium
Uzbekistan,2015,0.6981167212608528,Medium
Belize,2015,0.7088528106438419,Medium
Marshall Islands,2015,NA,NA
Libya,2015,0.6941961849738796,Medium
Turkmenistan,2015,0.7011543503129287,Medium
Gabon,2015,0.6944855235479178,Medium
Paraguay,2015,0.7017710956634328,Medium
Moldova (Republic of),2015,0.6932687078926331,Medium
Philippines,2015,0.6926391361764077,Medium
South Africa,2015,0.6919072882008707,Medium
Egypt,2015,0.6905890550077983,Medium
Indonesia,2015,0.6863666727399361,Medium
Viet Nam,2015,0.6836267386522272,Medium
Bolivia (Plurinational State of),2015,0.6809617718835744,Medium
"Palestine, State of",2015,0.6867056588010878,Medium
Iraq,2015,0.6677500968875425,Medium
El Salvador,2015,0.6735934880275546,Medium
Kyrgyzstan,2015,0.6656091697281095,Medium
Morocco,2015,0.6552329664167725,Medium
Nicaragua,2015,0.6523565045017748,Medium
Cabo Verde,2015,0.6473759782024123,Medium
Guyana,2015,0.6514661131451358,Medium
Guatemala,2015,0.6446633400281057,Medium
Tajikistan,2015,0.6447286593147463,Medium
Namibia,2015,0.6419224968200359,Medium
India,2015,0.6265283066560839,Low
Micronesia (Federated States of),2015,0.6267156634279709,Low
Timor-Leste,2015,0.6296359873887746,Low
Honduras,2015,0.6094122591619766,Low
Bhutan,2015,0.6028687174420443,Low
Kiribati,2015,0.6214613490618548,Low
Bangladesh,2015,0.5920026883187368,Low
Congo,2015,0.6125168704531333,Low
Vanuatu,2015,0.5985344667832966,Low
Lao People's Democratic Republic,2015,0.5933534949968853,Low
Ghana,2015,0.5850150756769716,Low
Equatorial Guinea,2015,0.5930654173115661,Low
Kenya,2015,0.5782677174821498,Low
Sao Tome and Principe,2015,0.5801903292812787,Low
Eswatini (Kingdom of),2015,0.5835574942116112,Low
Zambia,2015,0.58340404456077255,Low
Cambodia,2015,0.5706004860629573,Low
Angola,2015,0.5720510299313855,Low
Myanmar,2015,0.5692047552476863,Low
Nepal,2015,0.5659871355863967,Low
Pakistan,2015,0.5511102552972208,Low
Cameroon,2015,0.5482586222530534,Low
Solomon Islands,2015,0.5457702498137882,Low
Papua New Guinea,2015,0.5417654868727892,Low
Tanzania (United Republic of),2015,0.5279872522275346,Low
Syrian Arab Republic,2015,0.5379200618395041,Low
Zimbabwe,2015,0.5287054372927932,Low
Nigeria,2015,0.527394930974396,Low
Rwanda,2015,0.5104711257589744,Low
Lesotho,2015,0.5107544584781055,Low
Mauritania,2015,0.5137325554965164,Low
Madagascar,2015,0.5143632420295172,Low
Uganda,2015,0.5049266893908168,Low
Benin,2015,0.5084414331707566,Low
Senegal,2015,0.49247790461423285,Low
Comoros,2015,0.5018652268446918,Low
Togo,2015,0.49542650526436804,Low
Sudan,2015,0.4967499922121446,Low
Afghanistan,2015,0.49286674503908734,Low
Haiti,2015,0.4929905516945418,Low
Côte d'Ivoire,2015,0.4776919993025964,Low
Malawi,2015,0.47011602989616347,Low
Djibouti,2015,0.4702273859836105,Low
Ethiopia,2015,0.4511826879814017,Low
Gambia,2015,0.45665823885044526,Low
Guinea,2015,0.4434421478937639,Low
Congo (Democratic Republic of the),2015,0.4444336707982667,Low
Guinea-Bissau,2015,0.44865870214489095,Low
Yemen,2015,0.48311654558913614,Low
Eritrea,2015,0.4332459724217246,Low
Mozambique,2015,0.43226046895104947,Low
Liberia,2015,0.4316816879228009,Low
Mali,2015,0.4176538606610925,Low
Burkina Faso,2015,0.4124828631593049,Low
Sierra Leone,2015,0.41296732239357425,Low
Burundi,2015,0.4181118121953216,Low
Chad,2015,0.407383116956797,Low
South Sudan,2015,0.39913949823610384,Low
Central African Republic,2015,0.35667287443777146,Low
Niger,2015,0.34740649639755955,Low
Korea (Democratic People's Rep. of),2015,NA,NA
Monaco,2015,NA,NA
Nauru,2015,NA,NA
San Marino,2015,NA,NA
Somalia,2015,NA,NA
Tuvalu,2015,NA,NA
Norway,2016,0.9512483553214962,Very High
Switzerland,2016,0.9431886822134562,Very High
Australia,2016,0.9378680440732646,Very High
Ireland,2016,0.9344754829182338,Very High
Germany,2016,0.9341518707655013,Very High
Iceland,2016,0.9331301121272382,Very High
"Hong Kong, China (SAR)",2016,0.9296395120413741,Very High
Sweden,2016,0.9315839061660123,Very High
Singapore,2016,0.930104591364359,Very High
Netherlands,2016,0.9280839714514447,Very High
Denmark,2016,0.9280172267430499,Very High
Canada,2016,0.9222756302756803,Very High
United States,2016,0.9223928743957234,Very High
United Kingdom,2016,0.9202139670337001,Very High
Finland,2016,0.9176124305396001,Very High
New Zealand,2016,0.9154822900814985,Very High
Belgium,2016,0.9145380307545622,Very High
Liechtenstein,2016,0.9154303330535014,Very High
Japan,2016,0.9069283257286355,Very High
Austria,2016,0.9058221188119048,Very High
Luxembourg,2016,0.9034904711109238,Very High
Israel,2016,0.9017548697653387,Very High
Korea (Republic of),2016,0.9003574927047293,Very High
France,2016,0.8992756919459307,Very High
Slovenia,2016,0.8935430504652823,Very High
Spain,2016,0.8888670933931713,High
Czechia,2016,0.8847752951250055,High
Italy,2016,0.8781295258489776,High
Malta,2016,0.8753871392370755,High
Estonia,2016,0.8675975481869183,High
Greece,2016,0.8682721803704931,High
Cyprus,2016,0.8670238119155721,High
Poland,2016,0.8604198352360831,High
United Arab Emirates,2016,0.8621799163987712,High
Andorra,2016,0.8558054251149887,High
Lithuania,2016,0.8548201014312401,High
Qatar,2016,0.8548970970597372,High
Slovakia,2016,0.8529800895385142,High
Brunei Darussalam,2016,0.8524184233561918,High
Saudi Arabia,2016,0.8539633803400953,High
Latvia,2016,0.8436965619126446,High
Portugal,2016,0.8447151672085784,High
Bahrain,2016,0.8458039876364273,High
Chile,2016,0.8415329699937913,High
Hungary,2016,0.8351053138480794,High
Croatia,2016,0.8277577378058478,High
Argentina,2016,0.8217587592988095,High
Oman,2016,0.82217866506432,High
Russian Federation,2016,0.8147656495518454,High
Montenegro,2016,0.8103067460337161,High
Bulgaria,2016,0.8095956041141686,High
Romania,2016,0.806921214299936,High
Belarus,2016,0.8049578008644142,High
Bahamas,2016,0.8063252384321128,High
Uruguay,2016,0.8021411935198802,High
Kuwait,2016,0.8035509413833132,High
Malaysia,2016,0.7988258508917251,High
Barbados,2016,0.798810072922084,High
Kazakhstan,2016,0.7967461959078902,High
Iran (Islamic Republic of),2016,0.7955311319303151,High
Palau,2016,0.7975219363566179,High
Seychelles,2016,0.7931018708434019,High
Costa Rica,2016,0.7909195209615656,High
Turkey,2016,0.7868511547990595,High
Mauritius,2016,0.7876342090264797,High
Panama,2016,0.7848489537681295,High
Serbia,2016,0.7854727479931904,High
Albania,2016,0.7817005590918955,High
Trinidad and Tobago,2016,0.7845785777192777,High
Antigua and Barbuda,2016,0.7777269048757208,High
Georgia,2016,0.7763982107222726,High
Saint Kitts and Nevis,2016,0.7742416409955692,High
Cuba,2016,0.7741764981005748,High
Mexico,2016,0.7722166211317996,High
Grenada,2016,0.7696765766271545,High
Sri Lanka,2016,0.7680774417416489,High
Bosnia and Herzegovina,2016,0.7658795769585522,High
Venezuela (Bolivarian Republic of),2016,0.7658619059064578,High
Brazil,2016,0.7581762474291328,High
Azerbaijan,2016,0.7569778767514419,High
Lebanon,2016,0.7532814265189002,Medium
The former Yugoslav Republic of Macedonia,2016,0.7562342460222077,High
Armenia,2016,0.7492645868098929,Medium
Thailand,2016,0.7480499005885282,Medium
Algeria,2016,0.7524951334256267,Medium
China,2016,0.7479097838809821,Medium
Ecuador,2016,0.7493852156543074,Medium
Ukraine,2016,0.7460888804361642,Medium
Peru,2016,0.7478389874409244,Medium
Colombia,2016,0.7466609659990139,Medium
Saint Lucia,2016,0.7450081483378872,Medium
Fiji,2016,0.738394855613946,Medium
Mongolia,2016,0.7425751505305956,Medium
Dominican Republic,2016,0.7326077928147052,Medium
Jordan,2016,0.7349206701608673,Medium
Tunisia,2016,0.7323536768876926,Medium
Jamaica,2016,0.7315926436068267,Medium
Tonga,2016,0.7236502962647889,Medium
Saint Vincent and the Grenadines,2016,0.7214874854174388,Medium
Suriname,2016,0.7194555094428272,Medium
Botswana,2016,0.712170623292188,Medium
Maldives,2016,0.7124174664008122,Medium
Dominica,2016,0.7183648756954577,Medium
Samoa,2016,0.7107872592048272,Medium
Uzbekistan,2016,0.7029659149210646,Medium
Belize,2016,0.708506635576006,Medium
Marshall Islands,2016,NA,NA
Libya,2016,0.6934677479110143,Medium
Turkmenistan,2016,0.7045414282539293,Medium
Gabon,2016,0.6982772758224051,Medium
Paraguay,2016,0.7015358727488171,Medium
Moldova (Republic of),2016,0.6966662491101508,Medium
Philippines,2016,0.6957943328974255,Medium
South Africa,2016,0.6957324537270522,Medium
Egypt,2016,0.6939856334162647,Medium
Indonesia,2016,0.6913057597481875,Medium
Viet Nam,2016,0.6886465208928686,Medium
Bolivia (Plurinational State of),2016,0.6888710189136826,Medium
"Palestine, State of",2016,0.6890255336500877,Medium
Iraq,2016,0.6720803438515256,Medium
El Salvador,2016,0.6789223611795083,Medium
Kyrgyzstan,2016,0.6688049807386609,Medium
Morocco,2016,0.6623283972834622,Medium
Nicaragua,2016,0.6566258270342807,Medium
Cabo Verde,2016,0.6517521126344765,Medium
Guyana,2016,0.6519350356978745,Medium
Guatemala,2016,0.6487081717651998,Medium
Tajikistan,2016,0.6468118707664386,Medium
Namibia,2016,0.6446403769745731,Medium
India,2016,0.6360460094561482,Low
Micronesia (Federated States of),2016,0.6267320038986718,Low
Timor-Leste,2016,0.6314324501631974,Low
Honduras,2016,0.6143757285857856,Low
Bhutan,2016,0.6085177661596782,Low
Kiribati,2016,0.6101660543405226,Low
Bangladesh,2016,0.5970601916446718,Low
Congo,2016,0.6116867735290848,Low
Vanuatu,2016,0.6004620893621876,Low
Lao People's Democratic Republic,2016,0.5977938713656833,Low
Ghana,2016,0.5876416123144391,Low
Equatorial Guinea,2016,0.5924931095035418,Low
Kenya,2016,0.5845812876109328,Low
Sao Tome and Principe,2016,0.5838729101502239,Low
Eswatini (Kingdom of),2016,0.5861528551179647,Low
Zambia,2016,0.585757047631983,Low
Cambodia,2016,0.5762203625157908,Low
Angola,2016,0.5769332632357265,Low
Myanmar,2016,0.5740466052209053,Low
Nepal,2016,0.5693033764385944,Low
Pakistan,2016,0.5595986310062098,Low
Cameroon,2016,0.5529673365211704,Low
Solomon Islands,2016,0.5429098901522234,Low
Papua New Guinea,2016,0.5428877007279085,Low
Tanzania (United Republic of),2016,0.5331760337662841,Low
Syrian Arab Republic,2016,0.5356407978551503,Low
Zimbabwe,2016,0.5319951308483715,Low
Nigeria,2016,0.5302561405141523,Low
Rwanda,2016,0.5203023732923725,Low
Lesotho,2016,0.5157027371652727,Low
Mauritania,2016,0.5164198020949057,Low
Madagascar,2016,0.5168070378622761,Low
Uganda,2016,0.5081062616428281,Low
Benin,2016,0.5120965226501945,Low
Senegal,2016,0.4987048593850021,Low
Comoros,2016,0.5023231335017502,Low
Togo,2016,0.5001598768952389,Low
Sudan,2016,0.49907484550558273,Low
Afghanistan,2016,0.4942397377480059,Low
Haiti,2016,0.4955476711972184,Low
Côte d'Ivoire,2016,0.48641511993934466,Low
Malawi,2016,0.47395014966097015,Low
Djibouti,2016,0.47366231809374193,Low
Ethiopia,2016,0.45669812173396457,Low
Gambia,2016,0.45723379520664537,Low
Guinea,2016,0.4491605523909196,Low
Congo (Democratic Republic of the),2016,0.4523197633835507,Low
Guinea-Bissau,2016,0.4532730301957445,Low
Yemen,2016,0.46158712994690765,Low
Eritrea,2016,0.4361570234561582,Low
Mozambique,2016,0.4347786717879721,Low
Liberia,2016,0.4319399495482801,Low
Mali,2016,0.420896861219084,Low
Burkina Faso,2016,0.42021153170421266,Low
Sierra Leone,2016,0.41348796893971784,Low
Burundi,2016,0.41771547753681665,Low
Chad,2016,0.40530628922982864,Low
South Sudan,2016,0.39419858515913664,Low
Central African Republic,2016,0.36220136475364745,Low
Niger,2016,0.35094402168132993,Low
Korea (Democratic People's Rep. of),2016,NA,NA
Monaco,2016,NA,NA
Nauru,2016,NA,NA
San Marino,2016,NA,NA
Somalia,2016,NA,NA
Tuvalu,2016,NA,NA
Norway,2017,0.9525220196758183,Very High
Switzerland,2017,0.9439975702781175,Very High
Australia,2017,0.9386312851065749,Very High
Ireland,2017,0.938410058995056,Very High
Germany,2017,0.9360434201549551,Very High
Iceland,2017,0.9348792517618248,Very High
"Hong Kong, China (SAR)",2017,0.9325829144337008,Very High
Sweden,2017,0.9328045492693906,Very High
Singapore,2017,0.9320416064322072,Very High
Netherlands,2017,0.9306385925456497,Very High
Denmark,2017,0.9294741111101222,Very High
Canada,2017,0.9259523985007169,Very High
United States,2017,0.9239135887246156,Very High
United Kingdom,2017,0.9215489223394087,Very High
Finland,2017,0.9196527754554454,Very High
New Zealand,2017,0.9166876294543607,Very High
Belgium,2017,0.9160660368445823,Very High
Liechtenstein,2017,0.9160828679923403,Very High
Japan,2017,0.9091529566477987,Very High
Austria,2017,0.9077551793931995,Very High
Luxembourg,2017,0.9039388608901129,Very High
Israel,2017,0.903244841425405,Very High
Korea (Republic of),2017,0.9025611264099034,Very High
France,2017,0.9008024399187519,Very High
Slovenia,2017,0.8962238285589089,Very High
Spain,2017,0.8910202164410346,High
Czechia,2017,0.8875614288899835,High
Italy,2017,0.8797694451419255,High
Malta,2017,0.878186794658016,High
Estonia,2017,0.8710420389460728,High
Greece,2017,0.8699340670405696,High
Cyprus,2017,0.8687843853986973,High
Poland,2017,0.8650750409424125,High
United Arab Emirates,2017,0.8627566603965141,High
Andorra,2017,0.8576835942558982,High
Lithuania,2017,0.8581351445244575,High
Qatar,2017,0.855616448244128,High
Slovakia,2017,0.8552002367226402,High
Brunei Darussalam,2017,0.8532669717706831,High
Saudi Arabia,2017,0.8532986382122836,High
Latvia,2017,0.8471430391321962,High
Portugal,2017,0.8471133407128758,High
Bahrain,2017,0.8461083388636401,High
Chile,2017,0.8428587807678302,High
Hungary,2017,0.837844633948344,High
Croatia,2017,0.8311022788421122,High
Argentina,2017,0.8248496500084135,High
Oman,2017,0.8209893952781286,High
Russian Federation,2017,0.8162754867030123,High
Montenegro,2017,0.8136923018899812,High
Bulgaria,2017,0.813006248671464,High
Romania,2017,0.8111917502126795,High
Belarus,2017,0.8075295955276729,High
Bahamas,2017,0.8071262958797203,High
Uruguay,2017,0.8039484331369113,High
Kuwait,2017,0.8030660242495482,High
Malaysia,2017,0.8018076952157448,High
Barbados,2017,0.800268630951227,High
Kazakhstan,2017,0.800434604158046,High
Iran (Islamic Republic of),2017,0.7980573432008404,High
Palau,2017,0.7984784375204548,High
Seychelles,2017,0.7965286581734321,High
Costa Rica,2017,0.7938646316833218,High
Turkey,2017,0.7906339807146524,High
Mauritius,2017,0.7901201748362552,High
Panama,2017,0.789320299890748,High
Serbia,2017,0.7866930346997278,High
Albania,2017,0.7849109734049692,High
Trinidad and Tobago,2017,0.7839152596010771,High
Antigua and Barbuda,2017,0.7795359101867395,High
Georgia,2017,0.7798223285255602,High
Saint Kitts and Nevis,2017,0.7778445852359723,High
Cuba,2017,0.7772676055271582,High
Mexico,2017,0.774034620773871,High
Grenada,2017,0.7719484991815749,High
Sri Lanka,2017,0.7700102474771624,High
Bosnia and Herzegovina,2017,0.7684508308491914,High
Venezuela (Bolivarian Republic of),2017,0.7607729900788125,High
Brazil,2017,0.7592453699836664,High
Azerbaijan,2017,0.7569654274080131,Medium
Lebanon,2017,0.7566959816176089,Medium
The former Yugoslav Republic of Macedonia,2017,0.7566871881113351,Medium
Armenia,2017,0.7551126831793789,Medium
Thailand,2017,0.7546835459149235,Medium
Algeria,2017,0.7537675347429247,Medium
China,2017,0.7517039468311737,Medium
Ecuador,2017,0.7518997525756316,Medium
Ukraine,2017,0.7507097375760329,Medium
Peru,2017,0.7497728545746908,Medium
Colombia,2017,0.7470453825908805,Medium
Saint Lucia,2017,0.7470491521191215,Medium
Fiji,2017,0.7407879549695566,Medium
Mongolia,2017,0.7408163154472713,Medium
Dominican Republic,2017,0.7357979194223809,Medium
Jordan,2017,0.7353731396698097,Medium
Tunisia,2017,0.7347200973307121,Medium
Jamaica,2017,0.7322409234751344,Medium
Tonga,2017,0.725644707457446,Medium
Saint Vincent and the Grenadines,2017,0.7227078992345813,Medium
Suriname,2017,0.7196124218711658,Medium
Botswana,2017,0.7165521285775484,Medium
Maldives,2017,0.7168643505721344,Medium
Dominica,2017,0.7150565930334234,Medium
Samoa,2017,0.712812176548273,Medium
Uzbekistan,2017,0.7098466466924921,Medium
Belize,2017,0.7075531543662794,Medium
Marshall Islands,2017,0.7079474155754794,Medium
Libya,2017,0.7055994252402138,Medium
Turkmenistan,2017,0.7062571082413117,Medium
Gabon,2017,0.7022164257538289,Medium
Paraguay,2017,0.7016624340509343,Medium
Moldova (Republic of),2017,0.6997533990527542,Medium
Philippines,2017,0.698932372536762,Medium
South Africa,2017,0.6990300546822689,Medium
Egypt,2017,0.695607555788064,Medium
Indonesia,2017,0.693979663942119,Medium
Viet Nam,2017,0.6939980621338809,Medium
Bolivia (Plurinational State of),2017,0.6925369705093105,Medium
"Palestine, State of",2017,0.6858355150067897,Medium
Iraq,2017,0.6853170777200905,Medium
El Salvador,2017,0.6741587268426402,Medium
Kyrgyzstan,2017,0.6721930332466709,Medium
Morocco,2017,0.6665125699524036,Medium
Nicaragua,2017,0.6577397891158813,Medium
Cabo Verde,2017,0.6540307184282435,Medium
Guyana,2017,0.6536372429819308,Medium
Guatemala,2017,0.6503116225206038,Medium
Tajikistan,2017,0.6500145296865628,Medium
Namibia,2017,0.6465252698230035,Medium
India,2017,0.6398329108958057,Low
Micronesia (Federated States of),2017,0.6272546877748624,Low
Timor-Leste,2017,0.6249440976701646,Low
Honduras,2017,0.6167167493578976,Low
Bhutan,2017,0.6124176091052876,Low
Kiribati,2017,0.6117840256771476,Low
Bangladesh,2017,0.6081558370319278,Low
Congo,2017,0.6062825819536497,Low
Vanuatu,2017,0.6025739153955199,Low
Lao People's Democratic Republic,2017,0.6012757253262982,Low
Ghana,2017,0.5917381944723934,Low
Equatorial Guinea,2017,0.5905610350641948,Low
Kenya,2017,0.5899201770669585,Low
Sao Tome and Principe,2017,0.5894762831396532,Low
Eswatini (Kingdom of),2017,0.5883163541434715,Low
Zambia,2017,0.5880834724684512,Low
Cambodia,2017,0.5819750406575783,Low
Angola,2017,0.5811785654609929,Low
Myanmar,2017,0.578263212736457,Low
Nepal,2017,0.5740380250349745,Low
Pakistan,2017,0.5616025856814071,Low
Cameroon,2017,0.55593848219278,Low
Solomon Islands,2017,0.5459600414306249,Low
Papua New Guinea,2017,0.5443040019721296,Low
Tanzania (United Republic of),2017,0.5377147405957455,Low
Syrian Arab Republic,2017,0.5357037008283201,Low
Zimbabwe,2017,0.534553285754596,Low
Nigeria,2017,0.5318096992094414,Low
Rwanda,2017,0.5239467123935055,Low
Lesotho,2017,0.5197294300583932,Low
Mauritania,2017,0.5196437207585913,Low
Madagascar,2017,0.5191625268680301,Low
Uganda,2017,0.5163208146992461,Low
Benin,2017,0.5146196727249062,Low
Senegal,2017,0.5051337229118531,Low
Comoros,2017,0.5032535549232968,Low
Togo,2017,0.5032200003683683,Low
Sudan,2017,0.5024656782427469,Low
Afghanistan,2017,0.4976951140457886,Low
Haiti,2017,0.4979451106275056,Low
Côte d'Ivoire,2017,0.49230450211835647,Low
Malawi,2017,0.47655279534814654,Low
Djibouti,2017,0.4760057309012475,Low
Ethiopia,2017,0.4626640918755825,Low
Gambia,2017,0.46006723569790536,Low
Guinea,2017,0.459111121636894,Low
Congo (Democratic Republic of the),2017,0.4574692129260281,Low
Guinea-Bissau,2017,0.4553035532289877,Low
Yemen,2017,0.45190042638439004,Low
Eritrea,2017,0.43997853797660647,Low
Mozambique,2017,0.43657991125082857,Low
Liberia,2017,0.4350939080153162,Low
Mali,2017,0.4268688608764687,Low
Burkina Faso,2017,0.4234231852553077,Low
Sierra Leone,2017,0.418987064789857,Low
Burundi,2017,0.41721617425553165,Low
Chad,2017,0.4039702473906461,Low
South Sudan,2017,0.38772518084873253,Low
Central African Republic,2017,0.3668093446572905,Low
Niger,2017,0.35393119203339585,Low
Korea (Democratic People's Rep. of),2017,NA,NA
Monaco,2017,NA,NA
Nauru,2017,NA,NA
San Marino,2017,NA,NA
Somalia,2017,NA,NA
Tuvalu,2017,NA,NA
